{
  "2025-01-01": "Tahun Baru Masehi",
  "2025-03-31": "Idul Fitri",
  "2025-04-01": "Cuti Bersama Idul Fitri",
  "2025-05-01": "Hari Buruh Internasional",
  "2025-05-29": "Kenaikan Isa Al-Masih",
  "2025-06-01": "Hari Lahir Pancasila",
  "2025-06-07": "Idul Adha",
  "2025-06-28": "Tahun Baru Islam",
  "2025-08-17": "Hari Kemerdekaan RI",
  "2025-08-27": "Isra Mi'raj Nabi Muhammad SAW",
  "2025-09-06": "Maulid Nabi Muhammad SAW",
  "2025-12-25": "Hari Raya Natal",
  "2026-01-01": "Tahun Baru Masehi",
  "2026-03-21": "Idul Fitri",
  "2026-05-01": "Hari Buruh Internasional",
  "2026-06-07": "Idul Adha",
  "2026-08-17": "Hari Kemerdekaan RI",
  "2026-12-25": "Hari Raya Natal"
}
